Hex,DateTime,Status
0x59979A6A,2024-12-23 19:19:20,NORMAL
0x3764615C,2007-11-04 12:10:56,NORMAL
0x6CCF40B9,2034-06-15 08:05:50,NORMAL
0xE9486497,2096-10-08 12:36:46,NORMAL
0x9CFA8969,2058-07-26 17:11:18,NORMAL
0x37384971,2007-09-24 09:11:34,NORMAL
0x0A3C1EB6,1985-01-28 03:53:44,NORMAL
0x9A346D1A,2057-01-20 13:40:52,NORMAL
0x651208F4,2030-08-18 01:07:40,NORMAL
0xA824AC73,2064-01-04 21:35:38,NORMAL
0x9EF800D8,2059-07-24 00:06:48,NORMAL
0x6932AC31,2032-09-18 21:33:34,NORMAL
0xFBC3F79F,Invalid,ERROR
0x62D310BC,2029-06-19 02:05:56,NORMAL
0x214E80E6,1996-10-14 16:07:12,NORMAL
0x0B513712,1985-10-17 06:56:36,NORMAL
0x01A3C79F,Invalid,ERROR
0x874A05D7,2047-10-10 00:46:46,NORMAL
0x348F8D2D,2006-04-15 17:41:26,NORMAL
0x3B4E7DB3,2009-10-14 15:45:38,NORMAL
0x68BA1C9C,2032-05-26 03:36:56,NORMAL
0x686E1CDB,2032-03-14 03:38:54,NORMAL
0xDAD376EF,2089-06-19 14:55:30,NORMAL
0x50C26049,2020-06-02 12:02:18,NORMAL
0xB8B331E3,2072-05-19 06:15:06,NORMAL
0x6F4A5752,2035-10-10 10:58:36,NORMAL
0xBE2E05AD,2075-01-14 00:45:26,NORMAL
0xEE59435C,2099-02-25 08:26:56,NORMAL
0x4D9C9D57,2018-12-28 19:42:46,NORMAL
0x758E88B3,2038-12-14 17:05:38,NORMAL
0x331A8DE8,2005-08-26 17:47:16,NORMAL
0x4A748845,2017-03-20 17:02:10,NORMAL
0x0C5A33AC,1986-02-26 06:29:24,NORMAL
0x96F47139,2055-07-20 14:09:50,NORMAL
0x5C827232,2026-04-02 14:17:36,NORMAL
0x5A813601,2025-04-01 06:48:02,NORMAL
0xDD459229,2090-10-05 18:17:18,NORMAL
0xA45B248B,2062-02-27 04:36:22,NORMAL
0xC734AD86,2079-09-20 21:44:12,NORMAL
0x02549481,1981-02-20 18:36:02,NORMAL
0xFA00C79E,Invalid,ERROR
0xC0749F71,2076-03-20 19:59:34,NORMAL
0xA6CF5CE3,2063-06-15 11:39:06,NORMAL
0x233C1B90,1997-09-28 03:28:32,NORMAL
0x6AE405CF,2033-07-04 00:46:30,NORMAL
0x8269AA44,2045-03-09 21:18:08,NORMAL
0x07556768,1983-10-21 12:59:16,NORMAL
0x364D5DD3,2007-02-13 11:46:38,NORMAL
0x4A8396B5,2017-04-03 18:53:42,NORMAL
0x23486CB6,1997-10-08 13:37:44,NORMAL
0xCD3059DD,2082-09-16 11:14:58,NORMAL
0x41643838,2012-11-04 07:01:48,NORMAL
0x4E6952A9,2019-03-09 10:21:18,NORMAL
0x5D82A036,2026-12-02 20:01:44,NORMAL
0x80324681,2044-01-18 08:52:02,NORMAL
0x10E938E3,1988-07-09 07:07:06,NORMAL
0x48453659,2016-02-05 06:50:50,NORMAL
0xB8279BC4,2072-01-07 19:30:08,NORMAL
0x13875D01,1989-12-07 11:40:02,NORMAL
0x9051938B,2052-02-17 18:28:22,NORMAL
0xB355B1E2,2069-10-21 22:15:04,NORMAL
0x15120A9B,1990-08-18 01:20:54,NORMAL
0x0383B22C,1981-12-03 22:17:24,NORMAL
0x1F13674A,1995-08-19 12:58:20,NORMAL
0x09965073,1984-12-22 10:03:38,NORMAL
0x413CB983,2012-09-28 23:12:06,NORMAL
0x997421C9,2056-11-20 04:14:18,NORMAL
0xB334426B,2069-09-20 08:19:22,NORMAL
0x98CF7981,2056-06-15 15:12:02,NORMAL
0x937988C4,2053-11-25 17:06:08,NORMAL
0xCCF2AF31,2082-07-18 21:57:34,NORMAL
0xDE307A66,2091-01-16 15:19:12,NORMAL
0x9AB21F03,2057-05-18 03:56:06,NORMAL
0x119B2C50,1988-12-27 05:34:32,NORMAL
0x16C58E91,1991-06-05 17:52:34,NORMAL
0xD250131C,2085-02-16 02:24:56,NORMAL
0x3E2A5392,2011-01-10 10:28:36,NORMAL
0x5C516754,2026-02-17 12:58:40,NORMAL
0x91429418,2052-10-02 18:32:48,NORMAL
0xE17425B7,2092-11-20 04:45:46,NORMAL
0x7713B69B,2039-08-19 22:52:54,NORMAL
0x46DBAD4C,2015-06-27 21:42:24,NORMAL
0x27870595,1999-12-07 00:44:42,NORMAL
0xD2CE047C,2085-06-14 00:35:56,NORMAL
0x846A958F,2046-03-10 18:44:30,NORMAL
0xA0984363,2060-04-24 08:27:06,NORMAL
0x1A376972,1993-01-23 13:11:36,NORMAL
0x4F64281D,2019-11-04 05:00:58,NORMAL
0xA9754429,2064-11-21 08:33:18,NORMAL
0x64E43E85,2030-07-04 07:52:10,NORMAL
0x17644BF3,1991-11-04 09:31:38,NORMAL
0x64A2833A,2030-05-02 16:25:52,NORMAL
0xDD9088EF,2090-12-16 17:07:30,NORMAL
0xA08A85A2,2060-04-10 16:45:04,NORMAL
0x3B5A5000,2009-10-26 10:00:00,NORMAL
0xC27884B4,2077-03-24 16:37:40,NORMAL
0x464E361A,2015-02-14 06:48:52,NORMAL
0xFBA0F79F,Invalid,ERROR
0x248C3F5B,1998-04-12 07:58:54,NORMAL
0x5F2E6009,2027-09-14 12:00:18,NORMAL
0xA394AD63,2061-12-20 21:43:06,NORMAL
0x34362708,2006-01-22 04:56:16,NORMAL
0x90465128,2052-02-06 10:09:16,NORMAL
0x514F6683,2020-10-15 12:52:06,NORMAL
0x3D720728,2010-11-18 00:57:16,NORMAL
0x167833E3,1991-03-24 06:31:06,NORMAL
0xA064A057,2060-03-04 20:02:46,NORMAL
0x9C622D17,2058-03-02 05:40:46,NORMAL
0xC184852E,2076-12-04 16:41:28,NORMAL
0x0000F79E,Invalid,ERROR
0xD8F36651,2088-07-19 12:50:34,NORMAL
0x48EC08D1,2016-07-12 01:06:34,NORMAL
0x1E5938AD,1995-02-25 07:05:26,NORMAL
0x84BB275D,2046-05-27 04:58:58,NORMAL
0x332E6B92,2005-09-14 13:28:36,NORMAL
0xD55B7CAD,2086-10-27 15:37:26,NORMAL
0x206203E0,1996-03-02 00:31:00,NORMAL
0x098C90E6,1984-12-12 18:07:12,NORMAL
0xB35B3225,2069-10-27 06:17:10,NORMAL
0x68D91BE7,2032-06-25 03:31:14,NORMAL
0x0F7A7438,1987-11-26 14:33:48,NORMAL
0xDF0D0B39,2091-08-13 01:25:50,NORMAL
0xE911AC73,2096-08-17 21:35:38,NORMAL
0x30B1542A,2004-05-17 10:33:20,NORMAL
0x3D6515C0,2010-11-05 02:46:00,NORMAL
0x87035388,2047-08-03 10:28:16,NORMAL
0x5A8A1547,2025-04-10 02:42:14,NORMAL
0x596D80F5,2024-11-13 16:07:42,NORMAL
0x2A939E7D,2001-04-19 19:51:58,NORMAL
0x5D0D0E2C,2026-08-13 01:49:24,NORMAL
0x7D4F8BB1,2042-10-15 17:29:34,NORMAL
0x194E7D53,1992-10-14 15:42:38,NORMAL
0xA6439802,2063-02-03 19:00:04,NORMAL
0x8C3C1910,2050-01-28 03:08:32,NORMAL
0x3B04A64B,2009-08-04 20:50:22,NORMAL
0xAE480348,2067-02-08 00:26:16,NORMAL
0x834D8CF1,2045-10-13 17:39:34,NORMAL
0xDE228465,2091-01-02 16:35:10,NORMAL
0x16CF5087,1991-06-15 10:04:14,NORMAL
0x31368A6A,2004-09-22 17:19:20,NORMAL
0x7F093B85,2043-08-09 07:28:10,NORMAL
0xCD2664F7,2082-09-06 12:39:46,NORMAL
0x3365B1CA,2005-11-05 22:14:20,NORMAL
0xC3867972,2077-12-06 15:11:36,NORMAL
0xC8F77A36,2080-07-23 15:17:44,NORMAL
0x563988A5,2023-01-25 17:05:10,NORMAL
0x6D8919D5,2034-12-09 03:14:42,NORMAL
0xA8B52F4E,2064-05-21 05:58:28,NORMAL
0x3D0946FC,2010-08-09 08:55:56,NORMAL
0xE0B39F61,2092-05-19 19:59:02,NORMAL
0xA03C8910,2060-01-28 17:08:32,NORMAL
0xAF4179CD,2067-10-01 15:14:26,NORMAL
0x2F28632F,2003-09-08 12:25:30,NORMAL
0x4AF04208,2017-07-16 08:16:16,NORMAL
0x3B055EBD,2009-08-05 11:53:58,NORMAL
0x095C7BF4,1984-10-28 15:31:40,NORMAL
0x92E7808E,2053-07-07 16:04:28,NORMAL
0xA2471C35,2061-02-07 03:33:42,NORMAL
0x2D4B6BC0,2002-10-11 13:30:00,NORMAL
0x5CC41260,2026-06-04 02:19:00,NORMAL
0x675018A2,2031-10-16 03:05:04,NORMAL
0x01A0F03E,Invalid,ERROR
0xDB1A7D05,2089-08-26 15:40:10,NORMAL
0x4F0823F7,2019-08-08 04:31:46,NORMAL
0x4298AEA3,2013-04-24 21:53:06,NORMAL
0x8E46A867,2051-02-06 21:03:14,NORMAL
0xB11710B2,2068-08-23 02:05:36,NORMAL
0x31666C94,2004-11-06 13:36:40,NORMAL
0x30AC8920,2004-05-12 17:09:00,NORMAL
0xB4791F53,2070-03-25 03:58:38,NORMAL
0x562155B0,2023-01-01 10:45:32,NORMAL
0x80576AE1,2044-02-23 13:23:02,NORMAL
0x296C70A5,2000-11-12 14:05:10,NORMAL
0xCC3BA9E6,2082-01-27 21:15:12,NORMAL
0x06816D86,1983-04-01 13:44:12,NORMAL
0xA6F3180D,2063-07-19 03:00:26,NORMAL
0xCE298918,2083-01-09 17:08:48,NORMAL
0x1301962F,1989-08-01 18:49:30,NORMAL
0x8EFB410A,2051-07-27 08:08:20,NORMAL
0x6E547068,2035-02-20 14:03:16,NORMAL
0x670A8F6B,2031-08-10 17:59:22,NORMAL
0xC0665884,2076-03-06 11:04:08,NORMAL
0x3944B30F,2008-10-04 22:24:30,NORMAL
0xA11004D6,2060-08-16 00:38:44,NORMAL
0x38B59360,2008-05-21 18:27:00,NORMAL
0x80C72581,2044-06-07 04:44:02,NORMAL
0xCB6C50C5,2081-11-12 10:06:10,NORMAL
0x611B3CB3,2028-08-27 07:37:38,NORMAL
0x69430E14,2032-10-03 01:48:40,NORMAL
0x3AF7460B,2009-07-23 08:48:22,NORMAL
0xEA2C389B,2097-01-12 07:04:54,NORMAL
0x877BA83A,2047-11-27 21:01:52,NORMAL
0xB7513215,2071-10-17 06:16:42,NORMAL
0x2993A9A3,2000-12-19 21:13:06,NORMAL
0x96304717,2055-01-16 08:56:46,NORMAL
0xAE4441D1,2067-02-04 08:14:34,NORMAL
0x9A8B3818,2057-04-11 07:00:48,NORMAL
0xCD290302,2082-09-09 00:24:04,NORMAL
0xFA00C03F,Invalid,ERROR
0xAA3CA6EC,2065-01-28 20:55:24,NORMAL
0x34D77DBB,2006-06-23 15:45:54,NORMAL
0x462325C3,2015-01-03 04:46:06,NORMAL
0x770D10FB,2039-08-13 02:07:54,NORMAL
0x038FBC8A,1981-12-15 23:36:20,NORMAL
0x9F1C93AC,2059-08-28 18:29:24,NORMAL
0x0AA3AC25,1985-05-03 21:33:10,NORMAL
0x81660327,2044-11-06 00:25:14,NORMAL
0xE08F4E66,2092-04-15 09:51:12,NORMAL
0x8E7815BD,2051-03-24 02:45:58,NORMAL
0xE578108E,2094-11-24 02:04:28,NORMAL
0xB58D2E24,2070-12-13 05:49:08,NORMAL
0xB84B5E97,2072-02-11 11:52:46,NORMAL
0xD34EA36E,2085-10-14 20:27:28,NORMAL
0x9ACBBBDD,2057-06-11 23:30:58,NORMAL
0xAEC50088,2067-06-05 00:04:16,NORMAL
0xCD9B421B,2082-12-27 08:16:54,NORMAL
0x5CE6256B,2026-07-06 04:43:22,NORMAL
0x3CC79D56,2010-06-07 19:42:44,NORMAL
0x3B274133,2009-09-07 08:09:38,NORMAL
0x50693479,2020-03-09 06:35:50,NORMAL
0x012DA379,1980-09-13 20:27:50,NORMAL
0x4B658EAC,2017-11-05 17:53:24,NORMAL
0x4CA5AA83,2018-05-05 21:20:06,NORMAL
0x9F88A4AD,2059-12-08 20:37:26,NORMAL
0x3F844AFB,2011-12-04 09:23:54,NORMAL
0x2821432D,2000-01-01 08:25:26,NORMAL
0x0EB2327C,1987-05-18 06:19:56,NORMAL
0x80AA34F7,2044-05-10 06:39:46,NORMAL
0x8AA55475,2049-05-05 10:35:42,NORMAL
0xB53C7BB3,2070-09-28 15:29:38,NORMAL
0x5E23424E,2027-01-03 08:18:28,NORMAL
0x4335BE07,2013-09-21 23:48:14,NORMAL
0xA09C1090,2060-04-28 02:04:32,NORMAL
0xB4DC1EAD,2070-06-28 03:53:26,NORMAL
0x8D44813A,2050-10-04 16:09:52,NORMAL
0x3093888B,2004-04-19 17:04:22,NORMAL
0x51727D7D,2020-11-18 15:43:58,NORMAL
0xB2A61C8E,2069-05-06 03:36:28,NORMAL
0x245C2E75,1998-02-28 05:51:42,NORMAL
0x2556887C,1998-10-22 17:03:56,NORMAL
0xA38C24D7,2061-12-12 04:38:46,NORMAL
0x946A1B95,2054-03-10 03:28:42,NORMAL
0x78374582,2040-01-23 08:44:04,NORMAL
0xC0A588B4,2076-05-05 17:05:40,NORMAL
0xCB633B66,2081-11-03 07:27:12,NORMAL
0x98A73E6E,2056-05-07 07:51:28,NORMAL
0x5CD07584,2026-06-16 14:44:08,NORMAL
0xB4C11AB4,2070-06-01 03:21:40,NORMAL
0x083200D7,1984-01-18 00:06:46,NORMAL
0x449A66D3,2014-04-26 12:54:38,NORMAL
0x167B8DEC,1991-03-27 17:47:24,NORMAL
0xAC7230E9,2066-03-18 06:07:18,NORMAL
0x3C681346,2010-03-08 02:26:12,NORMAL
0x42533209,2013-02-19 06:16:18,NORMAL
0xEA227749,2097-01-02 14:58:18,NORMAL
0xBB9B32E2,2073-12-27 06:23:04,NORMAL
0xD09B8934,2084-04-27 17:09:40,NORMAL
0xBF3B84B2,2075-09-27 16:37:36,NORMAL
0xD0764F0B,2084-03-22 09:56:22,NORMAL
0xC6CA7E0D,2079-06-10 15:48:26,NORMAL
0x9D503554,2058-10-16 06:42:40,NORMAL
0x64CE3CF8,2030-06-14 07:39:48,NORMAL
0x06D19062,1983-06-17 18:03:04,NORMAL
0x18F77BFB,1992-07-23 15:31:54,NORMAL
0x3A2D0419,2009-01-13 00:32:50,NORMAL
0xDC4F1F6B,2090-02-15 03:59:22,NORMAL
0x65463EE0,2030-10-06 07:55:00,NORMAL
0x097A00F4,1984-11-26 00:07:40,NORMAL
0x98FA8EE1,2056-07-26 17:55:02,NORMAL
0x8AD71847,2049-06-23 03:02:14,NORMAL
0x2C378224,2002-01-23 16:17:08,NORMAL
0x0AEABB51,1985-07-10 23:26:34,NORMAL
0x9AAF2107,2057-05-15 04:08:14,NORMAL
0x8D109911,2050-08-16 19:08:34,NORMAL
0xAC6D76C4,2066-03-13 14:54:08,NORMAL
0x786B03BD,2040-03-11 00:29:58,NORMAL
0x2D430D65,2002-10-03 01:43:10,NORMAL
0xA28512E1,2061-04-05 02:23:02,NORMAL
0x008D58C3,1980-04-13 11:06:06,NORMAL
0x04AE68B0,1982-05-14 13:05:32,NORMAL
0xACEC6DA7,2066-07-12 13:45:14,NORMAL
0xDCC4057C,2090-06-04 00:43:56,NORMAL
0xC98E2C52,2080-12-14 05:34:36,NORMAL
0x2876ACC8,2000-03-22 21:38:16,NORMAL
0x5A978A50,2025-04-23 17:18:32,NORMAL
0x88C381C1,2048-06-03 16:14:02,NORMAL
0x8F177204,2051-08-23 14:16:08,NORMAL
0x68FA4899,2032-07-26 09:04:50,NORMAL
0x0003F79E,Invalid,ERROR
0x20B9388B,1996-05-25 07:04:22,NORMAL
0x9283B23B,2053-04-03 22:17:54,NORMAL
0xD23A60E4,2085-01-26 12:07:08,NORMAL
0xE90A5477,2096-08-10 10:35:46,NORMAL
0x646C8DF8,2030-03-12 17:47:48,NORMAL
0x0C2A36F7,1986-01-10 06:55:46,NORMAL
0xAB0368F8,2065-08-03 13:07:48,NORMAL
0x2C824092,2002-04-02 08:04:36,NORMAL
0xD0882C99,2084-04-08 05:36:50,NORMAL
0x078A1583,1983-12-10 02:44:06,NORMAL
0xAB2F792D,2065-09-15 15:09:26,NORMAL
0x3E6943F7,2011-03-09 08:31:46,NORMAL
0xC84C96D1,2080-02-12 18:54:34,NORMAL
0x2056AF1C,1996-02-22 21:56:56,NORMAL
0x96C495A6,2055-06-04 18:45:12,NORMAL
0x2AAF75CE,2001-05-15 14:46:28,NORMAL
0xA107250C,2060-08-07 04:40:24,NORMAL
0x1538B276,1990-09-24 22:19:44,NORMAL
0x5E8F55E7,2027-04-15 10:47:14,NORMAL
0x81684195,2044-11-08 08:12:42,NORMAL
0x968A5040,2055-04-10 10:02:00,NORMAL
0x76628EC8,2039-03-02 17:54:16,NORMAL
0x459B496E,2014-12-27 09:11:28,NORMAL
0x8E9C799A,2051-04-28 15:12:52,NORMAL
0xDB4DADE3,2089-10-13 21:47:06,NORMAL
0x7AC1384E,2041-06-01 07:02:28,NORMAL
0x84C160D4,2046-06-01 12:06:40,NORMAL
0x0E784AA2,1987-03-24 09:21:04,NORMAL
0x40EB9B12,2012-07-11 19:24:36,NORMAL
0x6A33238F,2033-01-19 04:28:30,NORMAL
0x01A3F79F,Invalid,ERROR
0x25135838,1998-08-19 11:01:48,NORMAL
0xE7645EE6,2095-11-04 11:55:12,NORMAL
0x54BA0DB5,2022-05-26 01:45:42,NORMAL
0xB350AB99,2069-10-16 21:28:50,NORMAL
0x8B71A22A,2049-11-17 20:17:20,NORMAL
0x5EE88AAE,2027-07-08 17:21:28,NORMAL
0x734D50E9,2037-10-13 10:07:18,NORMAL
0xE32C1EB3,2093-09-12 03:53:38,NORMAL
0xEC516A50,2098-02-17 13:18:32,NORMAL
0xB93242E1,2072-09-18 08:23:02,NORMAL
0xDAAB7855,2089-05-11 15:02:42,NORMAL
0x5A7B0208,2025-03-27 00:16:16,NORMAL
0x6B84B0E3,2033-12-04 22:07:06,NORMAL
0xC0826DCC,2076-04-02 13:46:24,NORMAL
0x35929F71,2006-12-18 19:59:34,NORMAL
0x904CAD2F,2052-02-12 21:41:30,NORMAL
0xC99B2EEB,2080-12-27 05:55:22,NORMAL
0x172584BD,1991-09-05 16:37:58,NORMAL
0xA1440444,2060-10-04 00:34:08,NORMAL
0xCABA45B0,2081-05-26 08:45:32,NORMAL
0xC57310D2,2078-11-19 02:06:36,NORMAL
0x10FA12ED,1988-07-26 02:23:26,NORMAL
0xC06121DB,2076-03-01 04:14:54,NORMAL
0x1304AE0D,1989-08-04 21:48:26,NORMAL
0x4EF38962,2019-07-19 17:11:04,NORMAL
0x1A491F78,1993-02-09 03:59:48,NORMAL
0xBA2E9030,2073-01-14 18:01:32,NORMAL
0xD2E95E94,2085-07-09 11:52:40,NORMAL
0x185A0F4B,1992-02-26 01:58:22,NORMAL
0x22F036A5,1997-07-16 06:53:10,NORMAL
0x456CBEC9,2014-11-12 23:54:18,NORMAL
0x36F23C9B,2007-07-18 07:36:54,NORMAL
0x7C6405D1,2042-03-04 00:46:34,NORMAL
0x2B7A1C59,2001-11-26 03:34:50,NORMAL
0x288775BA,2000-04-07 14:45:52,NORMAL
0x38FBADA6,2008-07-27 21:45:12,NORMAL
0x062C9C4E,1983-01-12 19:34:28,NORMAL
0x9E432201,2059-02-03 04:16:02,NORMAL
0x1A6FB705,1993-03-15 22:56:10,NORMAL
0x6B701290,2033-11-16 02:20:32,NORMAL
0x82F8A637,2045-07-24 20:49:46,NORMAL
0x71947101,2036-12-20 14:08:02,NORMAL
0x476F196C,2015-11-15 03:11:24,NORMAL
0x7B429AF0,2041-10-02 19:23:32,NORMAL
0x6AF6565B,2033-07-22 10:50:54,NORMAL
0x058A614A,1982-12-10 12:10:20,NORMAL
0x0C948114,1986-04-20 16:08:40,NORMAL
0x21574544,1996-10-23 08:42:08,NORMAL
0x1A4280F9,1993-02-02 16:07:50,NORMAL
0x553388E9,2022-09-19 17:07:18,NORMAL
0x42AC3EEA,2013-05-12 07:55:20,NORMAL
0x1EF53D86,1995-07-21 07:44:12,NORMAL
0xA523BCD6,2062-09-03 23:38:44,NORMAL
0x6B5B672F,2033-10-27 12:57:30,NORMAL
0xAEB0B36D,2067-05-16 22:27:26,NORMAL
0x337BA258,2005-11-27 20:18:48,NORMAL
0xCCD78AA8,2082-06-23 17:21:16,NORMAL
0xC03A3102,2076-01-26 06:08:04,NORMAL
0xB96A148E,2072-11-10 02:36:28,NORMAL
0x3E480B18,2011-02-08 01:24:48,NORMAL
0xC6EFB2C5,2079-07-15 22:22:10,NORMAL
0x447B1ED8,2014-03-27 03:54:48,NORMAL
0xD8273C8E,2088-01-07 07:36:28,NORMAL
0x2939A3A7,2000-09-25 20:29:14,NORMAL
0x6B6C0065,2033-11-12 00:03:10,NORMAL
0x7B3A6D75,2041-09-26 13:43:42,NORMAL
0xDA3152D2,2089-01-17 10:22:36,NORMAL
0x2509BD36,1998-08-09 23:41:44,NORMAL
0xB8488EAD,2072-02-08 17:53:26,NORMAL
0x9B1A8A8E,2057-08-26 17:20:28,NORMAL
0xE5667356,2094-11-06 14:26:44,NORMAL
0x9E565B55,2059-02-22 11:26:42,NORMAL
0x268A484F,1999-04-10 09:02:30,NORMAL
0x5CF234D6,2026-07-18 06:38:44,NORMAL
0xD36E0524,2085-11-14 00:41:08,NORMAL
0x68FB4492,2032-07-27 08:36:36,NORMAL
0xA8ADBA34,2064-05-13 23:17:40,NORMAL
0x187C9123,1992-03-28 18:09:06,NORMAL
0xB64F4436,2071-02-15 08:33:44,NORMAL
0x8E9C5827,2051-04-28 11:01:14,NORMAL
0x042E983A,1982-01-14 19:01:52,NORMAL
0x60A8BB1C,2028-05-08 23:24:56,NORMAL
0xDCB3AF69,2090-05-19 21:59:18,NORMAL
0x2F457C77,2003-10-05 15:35:46,NORMAL
0x131519A0,1989-08-21 03:13:00,NORMAL
0x199551A9,1992-12-21 10:13:18,NORMAL
0x37453740,2007-10-05 06:58:00,NORMAL
0x2E2B96CA,2003-01-11 18:54:20,NORMAL
0xD821B37D,2088-01-01 22:27:58,NORMAL
0xA743AF35,2063-10-03 21:57:42,NORMAL
0x8CF62A86,2050-07-22 05:20:12,NORMAL
0xB3557E2D,2069-10-21 15:49:26,NORMAL
0x9B6E14C7,2057-11-14 02:38:14,NORMAL
0xA79160ED,2063-12-17 12:07:26,NORMAL
0xE3758103,2093-11-21 16:08:06,NORMAL
0xC07779C6,2076-03-23 15:14:12,NORMAL
0xC08259AD,2076-04-02 11:13:26,NORMAL
0xB7446516,2071-10-04 12:40:44,NORMAL
0x6B472A37,2033-10-07 05:17:46,NORMAL
0xE88D9B9C,2096-04-13 19:28:56,NORMAL
0x91504583,2052-10-16 08:44:06,NORMAL
0x8AD840DD,2049-06-24 08:06:58,NORMAL
0xEE820490,2099-04-02 00:36:32,NORMAL
0xC07A7148,2076-03-26 14:10:16,NORMAL
0xAF0892C0,2067-08-08 18:22:00,NORMAL
0x3356A704,2005-10-22 20:56:08,NORMAL
0x40AA1DBD,2012-05-10 03:45:58,NORMAL
0x4236680B,2013-01-22 13:00:22,NORMAL
0x10570941,1988-02-23 01:10:02,NORMAL
0x3D773D96,2010-11-23 07:44:44,NORMAL
0x82424F2D,2045-02-02 09:57:26,NORMAL
0x556C7864,2022-11-12 15:03:08,NORMAL
0x1327365A,1989-09-07 06:50:52,NORMAL
0x84F40301,2046-07-20 00:24:02,NORMAL
0x0B252A8E,1985-09-05 05:20:28,NORMAL
0x7C46A68C,2042-02-06 20:52:24,NORMAL
0x84CDAD27,2046-06-13 21:41:14,NORMAL
0x9153064F,2052-10-19 00:50:30,NORMAL
0xACAA435B,2066-05-10 08:26:54,NORMAL
0x4F240CF1,2019-09-04 01:39:34,NORMAL
0x402F3868,2012-01-15 07:03:16,NORMAL
0xA52EB572,2062-09-14 22:43:36,NORMAL
0xCA7C7238,2081-03-28 14:17:48,NORMAL
0xE8F951F3,2096-07-25 10:15:38,NORMAL
0x26EC44B8,1999-07-12 08:37:48,NORMAL
0x60E4872A,2028-07-04 16:57:20,NORMAL
0xAA326B36,2065-01-18 13:25:44,NORMAL
0x3D271851,2010-09-07 03:02:34,NORMAL
0x07937CEE,1983-12-19 15:39:28,NORMAL
0x7278AA72,2037-03-24 21:19:36,NORMAL
0xBD5294D9,2074-10-18 18:38:50,NORMAL
0x3934B96F,2008-09-20 23:11:30,NORMAL
0x3E44095A,2011-02-04 01:10:52,NORMAL
0xBD2A8761,2074-09-10 16:59:02,NORMAL
0x3916303D,2008-08-22 06:01:58,NORMAL
0xE9919ECD,2096-12-17 19:54:26,NORMAL
0xD0D2116A,2084-06-18 02:11:20,NORMAL
0xB4D2354E,2070-06-18 06:42:28,NORMAL
0xAF74B089,2067-11-20 22:04:18,NORMAL
0x966FBD40,2055-03-15 23:42:00,NORMAL
0xFBC0F79F,Invalid,ERROR
0x5F512322,2027-10-17 04:25:04,NORMAL
0x7C8D7828,2042-04-13 15:01:16,NORMAL
0x154F1B4E,1990-10-15 03:26:28,NORMAL
0x2C636D50,2002-03-03 13:42:32,NORMAL
0x9E258843,2059-01-05 17:02:06,NORMAL
0xB6285C20,2071-01-08 11:33:00,NORMAL
0x97860F3A,2055-12-06 01:57:52,NORMAL
0xA8B9A486,2064-05-25 20:36:12,NORMAL
0x1AFC36AA,1993-07-28 06:53:20,NORMAL
0xE6DA4E03,2095-06-26 09:48:06,NORMAL
0x49779B5B,2016-11-23 19:26:54,NORMAL
0x3B781BB5,2009-11-24 03:29:42,NORMAL
0xBCB015F7,2074-05-16 02:47:46,NORMAL
0x1783681C,1991-12-03 13:00:56,NORMAL
0x687744DD,2032-03-23 08:38:58,NORMAL
0x673A42AA,2031-09-26 08:21:20,NORMAL
0xA4F2A763,2062-07-18 20:59:06,NORMAL
0x846BA12E,2046-03-11 20:09:28,NORMAL
0x098993DD,1984-12-09 18:30:58,NORMAL
0x969988F9,2055-04-25 17:07:50,NORMAL
0x745203D4,2038-02-18 00:30:40,NORMAL
0x76B57B67,2039-05-21 15:27:14,NORMAL
0xB493AA5D,2070-04-19 21:18:58,NORMAL
0x565C1AB4,2023-02-28 03:21:40,NORMAL
0x26F90C05,1999-07-25 01:32:10,NORMAL
0x95580020,2054-10-24 00:01:00,NORMAL
0xA763A769,2063-11-03 20:59:18,NORMAL
0x143735EE,1990-01-23 06:47:28,NORMAL
0x7363B846,2037-11-03 23:02:12,NORMAL
0xAE94211A,2067-04-20 04:08:52,NORMAL
0xE2275343,2093-01-07 10:26:06,NORMAL
0x8E975722,2051-04-23 10:57:04,NORMAL
0x02B33148,1981-05-19 06:10:16,NORMAL
0x19865083,1992-12-06 10:04:06,NORMAL
0x1E8F03C5,1995-04-15 00:30:10,NORMAL
0xC86F8D0F,2080-03-15 17:40:30,NORMAL
0x846603E8,2046-03-06 00:31:16,NORMAL
0x0496BBF9,1982-04-22 23:31:50,NORMAL
0x80305985,2044-01-16 11:12:10,NORMAL
0x26F84866,1999-07-24 09:03:12,NORMAL
0xE4287F38,2094-01-08 15:57:48,NORMAL
0x18CB20EF,1992-06-11 04:07:30,NORMAL
0xBCE94006,2074-07-09 08:00:12,NORMAL
0x44F018F4,2014-07-16 03:07:40,NORMAL
0xE7255053,2095-09-05 10:02:38,NORMAL
0x646795E0,2030-03-07 18:47:00,NORMAL
0x866C46D1,2047-03-12 08:54:34,NORMAL
0xC39C8CA0,2077-12-28 17:37:00,NORMAL
0x71837492,2036-12-03 14:36:36,NORMAL
0xB915420B,2072-08-21 08:16:22,NORMAL
0x223C7EF9,1997-01-28 15:55:50,NORMAL
0xAA547E04,2065-02-20 15:48:08,NORMAL
0x4D640B89,2018-11-04 01:28:18,NORMAL
0x1B854CC6,1993-12-05 09:38:12,NORMAL
0x748E64F3,2038-04-14 12:39:38,NORMAL
0x0692226C,1983-04-18 04:19:24,NORMAL
0x290D5983,2000-08-13 11:12:06,NORMAL
0xA870B604,2064-03-16 22:48:08,NORMAL
0x3E4F23D5,2011-02-15 04:30:42,NORMAL
0x06CB89C7,1983-06-11 17:14:14,NORMAL
0xC2293133,2077-01-09 06:09:38,NORMAL
0x31882706,2004-12-08 04:56:12,NORMAL
0xC2B9681C,2077-05-25 13:00:56,NORMAL
0x631710D6,2029-08-23 02:06:44,NORMAL
0x124878F5,1989-02-08 15:07:42,NORMAL
0x76762ECD,2039-03-22 05:54:26,NORMAL
0x8A75A66F,2049-03-21 20:51:30,NORMAL
0xFBA0C03E,Invalid,ERROR
0xBD2646DD,2074-09-06 08:54:58,NORMAL
0x78CD24C0,2040-06-13 04:38:00,NORMAL
0x09797571,1984-11-25 14:43:34,NORMAL
0x9686791C,2055-04-06 15:08:56,NORMAL
0xCC5B7730,2082-02-27 14:57:32,NORMAL
0x091A21C2,1984-08-26 04:14:04,NORMAL
0xAEC90BB5,2067-06-09 01:29:42,NORMAL
0x5E35400B,2027-01-21 08:00:22,NORMAL
0x6586B0B4,2030-12-06 22:05:40,NORMAL
0x6AEEB912,2033-07-14 23:08:36,NORMAL
0x68BABBD7,2032-05-26 23:30:46,NORMAL
0x2AB63460,2001-05-22 06:35:00,NORMAL
0x44CC95FC,2014-06-12 18:47:56,NORMAL
0xC27A2AAE,2077-03-26 05:21:28,NORMAL
0xC14A0199,2076-10-10 00:12:50,NORMAL
0x87565873,2047-10-22 11:03:38,NORMAL
0x5ED480C7,2027-06-20 16:06:14,NORMAL
0x7F268D88,2043-09-06 17:44:16,NORMAL
0x209900C1,1996-04-25 00:06:02,NORMAL
0x2E8B45E3,2003-04-11 08:47:06,NORMAL
0x11912EA7,1988-12-17 05:53:14,NORMAL
0x495C36FD,2016-10-28 06:55:58,NORMAL
0x36843659,2007-04-04 06:50:50,NORMAL
0xBD82B73B,2074-12-02 22:57:54,NORMAL
0xB9052C66,2072-08-05 05:35:12,NORMAL
0xE9724CF4,2096-11-18 09:39:40,NORMAL
0x7A820B62,2041-04-02 01:27:04,NORMAL
0x04BC1643,1982-05-28 02:50:06,NORMAL
0xD1503D33,2084-10-16 07:41:38,NORMAL
0xED4A2015,2098-10-10 04:00:42,NORMAL
0x850105D7,2046-08-01 00:46:46,NORMAL
0x9F784D04,2059-11-24 09:40:08,NORMAL
0x80554436,2044-02-21 08:33:44,NORMAL
0xD7260B63,2087-09-06 01:27:06,NORMAL
0x7994509D,2040-12-20 10:04:58,NORMAL
0x75557002,2038-10-21 14:00:04,NORMAL
0x0AB3554F,1985-05-19 10:42:30,NORMAL
0x70DCAD37,2036-06-28 21:41:46,NORMAL
0xDC272951,2090-01-07 05:10:34,NORMAL
0xA6934AB3,2063-04-19 09:21:38,NORMAL
0x45086A7C,2014-08-08 13:19:56,NORMAL
0x9CCA5415,2058-06-10 10:32:42,NORMAL
0x746F86BA,2038-03-15 16:53:52,NORMAL
0xDB2C2A5C,2089-09-12 05:18:56,NORMAL
0x247CAB77,1998-03-28 21:27:46,NORMAL
0x0000F79E,Invalid,ERROR
0x4168B77C,2012-11-08 22:59:56,NORMAL
0xCF014486,2083-08-01 08:36:12,NORMAL
0xEE6D5CBD,2099-03-13 11:37:58,NORMAL
0xC9314698,2080-09-17 08:52:48,NORMAL
0xA8EB6B77,2064-07-11 13:27:46,NORMAL
0xC32A5255,2077-09-10 10:18:42,NORMAL
0xD0908610,2084-04-16 16:48:32,NORMAL
0x583494F8,2024-01-20 18:39:48,NORMAL
0x71667DD5,2036-11-06 15:46:42,NORMAL
0x306C2982,2004-03-12 05:12:04,NORMAL
0xA0A33AD9,2060-05-03 07:22:50,NORMAL
0xC24D91E2,2077-02-13 18:15:04,NORMAL
0xDD193419,2090-08-25 06:32:50,NORMAL
0xD15A0D11,2084-10-26 01:40:34,NORMAL
0x256C0F2B,1998-11-12 01:57:22,NORMAL
0x97260360,2055-09-06 00:27:00,NORMAL
0xA43BBA07,2062-01-27 23:16:14,NORMAL
0x8CD47DB4,2050-06-20 15:45:40,NORMAL
0x1E310F08,1995-01-17 01:56:16,NORMAL
0x12ABA439,1989-05-11 20:33:50,NORMAL
0x603ABD57,2028-01-26 23:42:46,NORMAL
0x7CEFA21A,2042-07-15 20:16:52,NORMAL
0xA0B3462B,2060-05-19 08:49:22,NORMAL
0x01685AB2,1980-11-08 11:21:36,NORMAL
0x44573501,2014-02-23 06:40:02,NORMAL
0xA6CE31B2,2063-06-14 06:13:36,NORMAL
0x7728BCAA,2039-09-08 23:37:20,NORMAL
0xA4A50E60,2062-05-05 01:51:00,NORMAL
0xE0DB570D,2092-06-27 10:56:26,NORMAL
0x1E6DB2B0,1995-03-13 22:21:32,NORMAL
0xE6D47E3C,2095-06-20 15:49:56,NORMAL
0x308C2E99,2004-04-12 05:52:50,NORMAL
0x7D4660EB,2042-10-06 12:07:22,NORMAL
0xE359B739,2093-10-25 22:57:50,NORMAL
0x9AAC1C86,2057-05-12 03:36:12,NORMAL
0x644C4887,2030-02-12 09:04:14,NORMAL
0xD75784CE,2087-10-23 16:38:28,NORMAL
0x7C300AEC,2042-01-16 01:23:24,NORMAL
0x1D6C72E7,1994-11-12 14:23:14,NORMAL
0x11454D95,1988-10-05 09:44:42,NORMAL
0xD4993BB4,2086-04-25 07:29:40,NORMAL
0x8F8381B2,2051-12-03 16:13:36,NORMAL
0x40A2ADDB,2012-05-02 21:46:54,NORMAL
0xE37305B2,2093-11-19 00:45:36,NORMAL
0x7054908D,2036-02-20 18:04:26,NORMAL
0xAF930392,2067-12-19 00:28:36,NORMAL
0xECADAEAA,2098-05-13 21:53:20,NORMAL
0xA8882AB4,2064-04-08 05:21:40,NORMAL
0x105A86AE,1988-02-26 16:53:28,NORMAL
0xB9289E8F,2072-09-08 19:52:30,NORMAL
0x3F7B6B01,2011-11-27 13:24:02,NORMAL
0x018DB6F3,1980-12-13 22:55:38,NORMAL
0x512EB81B,2020-09-14 23:00:54,NORMAL
0x533B4C45,2021-09-27 09:34:10,NORMAL
0x5CD3556A,2026-06-19 10:43:20,NORMAL
0x68AE1C8C,2032-05-14 03:36:24,NORMAL
0xD78A29FD,2087-12-10 05:15:58,NORMAL
0x2C468D4B,2002-02-06 17:42:22,NORMAL
0xDD17775B,2090-08-23 14:58:54,NORMAL
0xAE2EB278,2067-01-14 22:19:48,NORMAL
0x84DA2435,2046-06-26 04:33:42,NORMAL
0x44710BD7,2014-03-17 01:30:46,NORMAL
0x04902122,1982-04-16 04:09:04,NORMAL
0x21031D4A,1996-08-03 03:42:20,NORMAL
0x5D15518B,2026-08-21 10:12:22,NORMAL
0x22686660,1997-03-08 12:51:00,NORMAL
0x7057B766,2036-02-23 22:59:12,NORMAL
0x7E567CC3,2043-02-22 15:38:06,NORMAL
0x7308503B,2037-08-08 10:01:54,NORMAL
0xA5234775,2062-09-03 08:59:42,NORMAL
0x16340B75,1991-01-20 01:27:42,NORMAL
0xED4FAA0D,2098-10-15 21:16:26,NORMAL
0xD0B83020,2084-05-24 06:01:00,NORMAL
0x2A629092,2001-03-02 18:04:36,NORMAL
0x310401E0,2004-08-04 00:15:00,NORMAL
0xEB9BAAF0,2097-12-27 21:23:32,NORMAL
0x08C78406,1984-06-07 16:32:12,NORMAL
0xA16C9AAB,2060-11-12 19:21:22,NORMAL
0xCE891592,2083-04-09 02:44:36,NORMAL
0x75519DED,2038-10-17 19:47:26,NORMAL
0x5CE408A9,2026-07-04 01:05:18,NORMAL
0x375CAACD,2007-10-28 21:22:26,NORMAL
0xD19889C2,2084-12-24 17:14:04,NORMAL
0xB0A16D6F,2068-05-01 13:43:30,NORMAL
0xB10134A0,2068-08-01 06:37:00,NORMAL
0xA10D7F07,2060-08-13 15:56:14,NORMAL
0x66928C39,2031-04-18 17:33:50,NORMAL
0x0CFCB397,1986-07-28 22:28:46,NORMAL
0xFBC0C79E,Invalid,ERROR
0x9F4953E1,2059-10-09 10:31:02,NORMAL
0xDA6210B0,2089-03-02 02:05:32,NORMAL
0x2F87086A,2003-12-07 01:03:20,NORMAL
0xC426309C,2078-01-06 06:04:56,NORMAL
0x21503023,1996-10-16 06:01:06,NORMAL
0x3CAE6637,2010-05-14 12:49:46,NORMAL
0x7D9C28AC,2042-12-28 05:05:24,NORMAL
0x66DA9845,2031-06-26 19:02:10,NORMAL
0xD75B6D3D,2087-10-27 13:41:58,NORMAL
0x930E331B,2053-08-14 06:24:54,NORMAL
0x77466709,2039-10-06 12:56:18,NORMAL
0x7E346E1C,2043-01-20 13:48:56,NORMAL
0xA39B9F4D,2061-12-27 19:58:26,NORMAL
0x17928B09,1991-12-18 17:24:18,NORMAL
0xA04F9B75,2060-02-15 19:27:42,NORMAL
0x412EB3D6,2012-09-14 22:30:44,NORMAL
0x0000C79E,Invalid,ERROR
0x5E3189F3,2027-01-17 17:15:38,NORMAL
0x16745755,1991-03-20 10:58:42,NORMAL
0xE6CFA8CE,2095-06-15 21:06:28,NORMAL
0x351062E8,2006-08-16 12:23:16,NORMAL
0x3B33A492,2009-09-19 20:36:36,NORMAL
0xDEF243DA,2091-07-18 08:30:52,NORMAL
0x189588B0,1992-04-21 17:05:32,NORMAL
0x6650A582,2031-02-16 20:44:04,NORMAL
0xDD841984,2090-12-04 03:12:08,NORMAL
0xA8E78021,2064-07-07 16:01:02,NORMAL
0x031473EC,1981-08-20 14:31:24,NORMAL
0xC679A073,2079-03-25 20:03:38,NORMAL
0x1F013350,1995-08-01 06:26:32,NORMAL
0x22B9017B,1997-05-25 00:11:54,NORMAL
0x504A8534,2020-02-10 16:41:40,NORMAL
0xA37032A1,2061-11-16 06:21:02,NORMAL
0x4F8E01DC,2019-12-14 00:14:56,NORMAL
0x1CC21D2C,1994-06-02 03:41:24,NORMAL
0xAF243172,2067-09-04 06:11:36,NORMAL
0x02E274C9,1981-07-02 14:38:18,NORMAL
0x0C2D352B,1986-01-13 06:41:22,NORMAL
0x18868C6B,1992-04-06 17:35:22,NORMAL
0x28A44333,2000-05-04 08:25:38,NORMAL
0x0B449CC6,1985-10-04 19:38:12,NORMAL
0x703376D0,2036-01-19 14:54:32,NORMAL
0x51966300,2020-12-22 12:24:00,NORMAL
0x22C782AD,1997-06-07 16:21:26,NORMAL
0x31327B84,2004-09-18 15:28:08,NORMAL
0xA5419823,2062-10-01 19:01:06,NORMAL
0x0B0F84BB,1985-08-15 16:37:54,NORMAL
0xA50C8237,2062-08-12 16:17:46,NORMAL
0x7E87322E,2043-04-07 06:17:28,NORMAL
0x74780084,2038-03-24 00:04:08,NORMAL
0x0B47452F,1985-10-07 08:41:30,NORMAL
0x47183083,2015-08-24 06:04:06,NORMAL
0x90A55162,2052-05-05 10:11:04,NORMAL
0xC195BB65,2076-12-21 23:27:10,NORMAL
0x33790980,2005-11-25 01:12:00,NORMAL
0x02B76F27,1981-05-23 13:57:14,NORMAL
0x05080304,1982-08-08 00:24:08,NORMAL
0x8CFB6571,2050-07-27 12:43:34,NORMAL
0x323C2E26,2005-01-28 05:49:12,NORMAL
0x0ECEB830,1987-06-14 23:01:32,NORMAL
0x2F576295,2003-10-23 12:20:42,NORMAL
0x26710398,1999-03-17 00:28:48,NORMAL
0xD42E84FC,2086-01-14 16:39:56,NORMAL
0x56452947,2023-02-05 05:10:14,NORMAL
0xEEAD491C,2099-05-13 09:08:56,NORMAL
0x243401C4,1998-01-20 00:14:08,NORMAL
0xBC72A440,2074-03-18 20:34:00,NORMAL
0xB33753BD,2069-09-23 10:29:58,NORMAL
0xE3543519,2093-10-20 06:40:50,NORMAL
0x162A4F4E,1991-01-10 09:58:28,NORMAL
0x17720758,1991-11-18 00:58:48,NORMAL
0xE89818B4,2096-04-24 03:05:40,NORMAL
0xC281182D,2077-04-01 03:01:26,NORMAL
0x3F702708,2011-11-16 04:56:16,NORMAL
0xB8F78F3A,2072-07-23 17:57:52,NORMAL
0xD387A5BB,2085-12-07 20:45:54,NORMAL
0x6D1A4683,2034-08-26 08:52:06,NORMAL
0x5CDA55B5,2026-06-26 10:45:42,NORMAL
0x6A8A5AEE,2033-04-10 11:23:28,NORMAL
0xC2712B73,2077-03-17 05:27:38,NORMAL
0x165A4012,1991-02-26 08:00:36,NORMAL
0x8AA59D1D,2049-05-05 19:40:58,NORMAL
0x638A0576,2029-12-10 00:43:44,NORMAL
0x673C7D34,2031-09-28 15:41:40,NORMAL
0xB69C923D,2071-04-28 18:17:58,NORMAL
0x796F676E,2040-11-15 12:59:28,NORMAL
0xCED83DAB,2083-06-24 07:45:22,NORMAL
0x914B7111,2052-10-11 14:08:34,NORMAL
0x46935D89,2015-04-19 11:44:18,NORMAL
0x223144EE,1997-01-17 08:39:28,NORMAL
0x3E645143,2011-03-04 10:10:06,NORMAL
0xC6B72646,2079-05-23 04:50:12,NORMAL
0xFA00C79E,Invalid,ERROR
0x5B41521D,2025-10-01 10:16:58,NORMAL
0xB187BF55,2068-12-07 23:58:42,NORMAL
0x048B587C,1982-04-11 11:03:56,NORMAL
0x1F634635,1995-11-03 08:49:42,NORMAL
0xAB0D18EF,2065-08-13 03:07:30,NORMAL
0xE6D070C3,2095-06-16 14:06:06,NORMAL
0x96E46B1A,2055-07-04 13:24:52,NORMAL
0x7934B088,2040-09-20 22:04:16,NORMAL
0x76D02DB1,2039-06-16 05:45:34,NORMAL
0x31426D71,2004-10-02 13:43:34,NORMAL
0x36D9B5F3,2007-06-25 22:47:38,NORMAL
0xFBC0C03F,Invalid,ERROR
0xB2CE09B4,2069-06-14 01:13:40,NORMAL
0x912B7A52,2052-09-11 15:18:36,NORMAL
0xED218496,2098-09-01 16:36:44,NORMAL
0x97638BA0,2055-11-03 17:29:00,NORMAL
0x8D56958B,2050-10-22 18:44:22,NORMAL
0x67575DC3,2031-10-23 11:46:06,NORMAL
0x4CD87D1D,2018-06-24 15:40:58,NORMAL
0x779C22AD,2039-12-28 04:21:26,NORMAL
0x7EB154D3,2043-05-17 10:38:38,NORMAL
0x6CE61F73,2034-07-06 03:59:38,NORMAL
0x2CF501D4,2002-07-21 00:14:40,NORMAL
0x9688208D,2055-04-08 04:04:26,NORMAL
0xAF99406C,2067-12-25 08:03:24,NORMAL
0x2A28B12E,2001-01-08 22:09:28,NORMAL
0xC24E8E8C,2077-02-14 17:52:24,NORMAL
0xAA8138CA,2065-04-01 07:06:20,NORMAL
0xCCED21C4,2082-07-13 04:14:08,NORMAL
0xC93808C9,2080-09-24 01:06:18,NORMAL
0xCD1B3E73,2082-08-27 07:51:38,NORMAL
0xB52553CC,2070-09-05 10:30:24,NORMAL
0xEE383EF8,2099-01-24 07:55:48,NORMAL
0x5828457C,2024-01-08 08:43:56,NORMAL
0x4A46B6D3,2017-02-06 22:54:38,NORMAL
0xB09579F2,2068-04-21 15:15:36,NORMAL
0x887570CF,2048-03-21 14:06:30,NORMAL
0x0A2770B1,1985-01-07 14:05:34,NORMAL
0x094D19FD,1984-10-13 03:15:58,NORMAL
0x32ED0D8F,2005-07-13 01:44:30,NORMAL
0xCAB66C28,2081-05-22 13:33:16,NORMAL
0x84B2518D,2046-05-18 10:12:26,NORMAL
0x42345771,2013-01-20 10:59:34,NORMAL
0xCD26BF11,2082-09-06 23:56:34,NORMAL
0x565309B6,2023-02-19 01:13:44,NORMAL
0xE6659231,2095-03-05 18:17:34,NORMAL
0xB86F04F8,2072-03-15 00:39:48,NORMAL
0x153741C2,1990-09-23 08:14:04,NORMAL
0x44C3B3C0,2014-06-03 22:30:00,NORMAL
0xA988762B,2064-12-08 14:49:22,NORMAL
0x1ECE50B2,1995-06-14 10:05:36,NORMAL
0xFBC3F03E,Invalid,ERROR
0xA66D71A2,2063-03-13 14:13:04,NORMAL
0x27395D0C,1999-09-25 11:40:24,NORMAL
0xCA5C8504,2081-02-28 16:40:08,NORMAL
0x534B4CAB,2021-10-11 09:37:22,NORMAL
0x06C84168,1983-06-08 08:11:16,NORMAL
0xBF573A10,2075-10-23 07:16:32,NORMAL
0x7F3C28D0,2043-09-28 05:06:32,NORMAL
0x556EAB59,2022-11-14 21:26:50,NORMAL
0x04F89AB4,1982-07-24 19:21:40,NORMAL
0x185C7170,1992-02-28 14:11:32,NORMAL
0x7142B28C,2036-10-02 22:20:24,NORMAL
0xCC371174,2082-01-23 02:11:40,NORMAL
0x5F3331A8,2027-09-19 06:13:16,NORMAL
0xBEB699A2,2075-05-22 19:13:04,NORMAL
0x86953B99,2047-04-21 07:28:50,NORMAL
0xBABA3886,2073-05-26 07:04:12,NORMAL
0x3331AC2B,2005-09-17 21:33:22,NORMAL
0xB7387579,2071-09-24 14:43:50,NORMAL
0xFBC3C03E,Invalid,ERROR
0x74AD634D,2038-05-13 12:26:26,NORMAL
0x334F748D,2005-10-15 14:36:26,NORMAL
0x878736F3,2047-12-07 06:55:38,NORMAL
0x72738801,2037-03-19 17:00:02,NORMAL
0x4263062A,2013-03-03 00:49:20,NORMAL
0xACEB277B,2066-07-11 04:59:54,NORMAL
0x714D3B92,2036-10-13 07:28:36,NORMAL
0xE0506DE0,2092-02-16 13:47:00,NORMAL
0xC47AA8B5,2078-03-26 21:05:42,NORMAL
0xD99A9F79,2088-12-26 19:59:50,NORMAL
0xE389B879,2093-12-09 23:03:50,NORMAL
0x37425609,2007-10-02 10:48:18,NORMAL
0x23355B88,1997-09-21 11:28:16,NORMAL
0x3F1259AD,2011-08-18 11:13:26,NORMAL
0x1364787B,1989-11-04 15:03:54,NORMAL
0x64919F07,2030-04-17 19:56:14,NORMAL
0xFBC3F79F,Invalid,ERROR
0xE2285A0D,2093-01-08 11:16:26,NORMAL
0xD4E26BC3,2086-07-02 13:30:06,NORMAL
0x010C8DA6,1980-08-12 17:45:12,NORMAL
0xB182BB83,2068-12-02 23:28:06,NORMAL
0xB3065012,2069-08-06 10:00:36,NORMAL
0xA8F584B6,2064-07-21 16:37:44,NORMAL
0x456FA39C,2014-11-15 20:28:56,NORMAL
0xBD86BCA8,2074-12-06 23:37:16,NORMAL
0x00310EEE,1980-01-17 01:55:28,NORMAL
0x3D116057,2010-08-17 12:02:46,NORMAL
0xCC2B9084,2082-01-11 18:04:08,NORMAL
0x054CA00C,1982-10-12 20:00:24,NORMAL
0x5D25B70D,2026-09-05 22:56:26,NORMAL
0xD84C3410,2088-02-12 06:32:32,NORMAL
0x24870EA8,1998-04-07 01:53:16,NORMAL
0xBD723DE4,2074-11-18 07:47:08,NORMAL
0x0277A1AA,1981-03-23 20:13:20,NORMAL
0xA52EABCA,2062-09-14 21:30:20,NORMAL
0x8172ACE8,2044-11-18 21:39:16,NORMAL
0x84316EE2,2046-01-17 13:55:04,NORMAL
0xCB9A1CA4,2081-12-26 03:37:08,NORMAL
0xE34E33E1,2093-10-14 06:31:02,NORMAL
0x3B978D5B,2009-12-23 17:42:54,NORMAL
0xEE596949,2099-02-25 13:10:18,NORMAL
0x74D8AE43,2038-06-24 21:50:06,NORMAL
0x2F0F34B1,2003-08-15 06:37:34,NORMAL
0x42562775,2013-02-22 04:59:42,NORMAL
0x125C6C15,1989-02-28 13:32:42,NORMAL
0x0003C79F,Invalid,ERROR
0x830DAD94,2045-08-13 21:44:40,NORMAL
0x58C65AD6,2024-06-06 11:22:44,NORMAL
0xD94844CD,2088-10-08 08:38:26,NORMAL
0x4A949BDA,2017-04-20 19:30:52,NORMAL
0xA8879D22,2064-04-07 19:41:04,NORMAL
0x01A0C79E,Invalid,ERROR
0xFA00F79F,Invalid,ERROR
0x80AE161A,2044-05-14 02:48:52,NORMAL
0xBC6F59CA,2074-03-15 11:14:20,NORMAL
0xC124BF29,2076-09-04 23:57:18,NORMAL
0x746AB4ED,2038-03-10 22:39:26,NORMAL
0x50657518,2020-03-05 14:40:48,NORMAL
0xB2A7BC93,2069-05-07 23:36:38,NORMAL
0x8554A370,2046-10-20 20:27:32,NORMAL
0xAF47B772,2067-10-07 22:59:36,NORMAL
0x2A9218E8,2001-04-18 03:07:16,NORMAL
0xE8316678,2096-01-17 12:51:48,NORMAL
0xE3469971,2093-10-06 19:11:34,NORMAL
0xB2E4B2FD,2069-07-04 22:23:58,NORMAL
0x4E5B1A51,2019-02-27 03:18:34,NORMAL
0x13517E0E,1989-10-17 15:48:28,NORMAL
0x25276859,1998-09-07 13:02:50,NORMAL
0x3F1631EA,2011-08-22 06:15:20,NORMAL
0x668C6195,2031-04-12 12:12:42,NORMAL
0xB746A4BD,2071-10-06 20:37:58,NORMAL
0x0D9321B1,1986-12-19 04:13:34,NORMAL
0xA43B13C3,2062-01-27 02:30:06,NORMAL
0xA8BC2B53,2064-05-28 05:26:38,NORMAL
0x05418F66,1982-10-01 17:59:12,NORMAL
0xA96AB195,2064-11-10 22:12:42,NORMAL
0x80BC6999,2044-05-28 13:12:50,NORMAL
0xD2277807,2085-01-07 15:00:14,NORMAL
0x0C2DA80A,1986-01-13 21:00:20,NORMAL
0x763BB653,2039-01-27 22:50:38,NORMAL
0x7070989C,2036-03-16 19:04:56,NORMAL
0xB8681464,2072-03-08 02:35:08,NORMAL
0xDCBC81D4,2090-05-28 16:14:40,NORMAL
0x76ACB9A7,2039-05-12 23:13:14,NORMAL
0x1B1C25EC,1993-08-28 04:47:24,NORMAL
0x872C6F1A,2047-09-12 13:56:52,NORMAL
0xDEE220BD,2091-07-02 04:05:58,NORMAL
0x50740078,2020-03-20 00:03:48,NORMAL
0xE8252B18,2096-01-05 05:24:48,NORMAL
0x01259361,1980-09-05 18:27:02,NORMAL
0xE670467D,2095-03-16 08:51:58,NORMAL
0x14B70BD8,1990-05-23 01:30:48,NORMAL
0xA0576340,2060-02-23 12:26:00,NORMAL
0x1F2E4325,1995-09-14 08:25:10,NORMAL
0x94D02DB9,2054-06-16 05:45:50,NORMAL
0x570E1ECA,2023-08-14 03:54:20,NORMAL
0xBD9B1EEB,2074-12-27 03:55:22,NORMAL
0x5E6B0056,2027-03-11 00:02:44,NORMAL
0x9A45A877,2057-02-05 21:03:46,NORMAL
0x86D35618,2047-06-19 10:48:48,NORMAL
0x102584E4,1988-01-05 16:39:08,NORMAL
0x35719CF1,2006-11-17 19:39:34,NORMAL
0x70E4089D,2036-07-04 01:04:58,NORMAL
0xAF88411A,2067-12-08 08:08:52,NORMAL
0x86820C74,2047-04-02 01:35:40,NORMAL
0x396A748A,2008-11-10 14:36:20,NORMAL
0xD116A0D3,2084-08-22 20:06:38,NORMAL
0xA137AF44,2060-09-23 21:58:08,NORMAL
0xC4494831,2078-02-09 09:01:34,NORMAL
0xE6368000,2095-01-22 16:00:00,NORMAL
0x915C60EA,2052-10-28 12:07:20,NORMAL
0x6B680E4F,2033-11-08 01:50:30,NORMAL
0xB121B645,2068-09-01 22:50:10,NORMAL
0x8F659B56,2051-11-05 19:26:44,NORMAL
0xCB797C91,2081-11-25 15:36:34,NORMAL
0x9D6F8473,2058-11-15 16:35:38,NORMAL
0xC0EEBDE8,2076-07-14 23:47:16,NORMAL
0x64CE26F9,2030-06-14 04:55:50,NORMAL
0xDECF6291,2091-06-15 12:20:34,NORMAL
0x86347254,2047-01-20 14:18:40,NORMAL
0xBC643E12,2074-03-04 07:48:36,NORMAL
0x4044BAA8,2012-02-04 23:21:16,NORMAL
0x78E18094,2040-07-01 16:04:40,NORMAL
0x0EB69B33,1987-05-22 19:25:38,NORMAL
0x1F6855A9,1995-11-08 10:45:18,NORMAL
0x48D560D1,2016-06-21 12:06:34,NORMAL
0x0003F79F,Invalid,ERROR
0x9550AE85,2054-10-16 21:52:10,NORMAL
0x3353A4D4,2005-10-19 20:38:40,NORMAL
0xAD508845,2066-10-16 17:02:10,NORMAL
0x2E420052,2003-02-02 00:02:36,NORMAL
0x5A639804,2025-03-03 19:00:08,NORMAL
0x74318F26,2038-01-17 17:57:12,NORMAL
0x68955922,2032-04-21 11:09:04,NORMAL
0xB2819CB3,2069-04-01 19:37:38,NORMAL
0x3EB63166,2011-05-22 06:11:12,NORMAL
0x00F83027,1980-07-24 06:01:14,NORMAL
0x076A288C,1983-11-10 05:04:24,NORMAL
0x563C4C8D,2023-01-28 09:36:26,NORMAL
0x311A7AB4,2004-08-26 15:21:40,NORMAL
0xEB8C16C5,2097-12-12 02:54:10,NORMAL
0x325831F1,2005-02-24 06:15:34,NORMAL
0x0F264D52,1987-09-06 09:42:36,NORMAL
0x0000F79F,Invalid,ERROR
0x01A0F79E,Invalid,ERROR
0xCA62A5D8,2081-03-02 20:46:48,NORMAL
0xE86D7002,2096-03-13 14:00:04,NORMAL
0x950E46D3,2054-08-14 08:54:38,NORMAL
0x72B95E0F,2037-05-25 11:48:30,NORMAL
0x6E89BA3D,2035-04-09 23:17:58,NORMAL
0x056F7246,1982-11-15 14:18:12,NORMAL
0x1D7A908B,1994-11-26 18:04:22,NORMAL
0x587B7736,2024-03-27 14:57:44,NORMAL
0x5ACD3B37,2025-06-13 07:25:46,NORMAL
0xC572993C,2078-11-18 19:09:56,NORMAL
0xD0CAA4FD,2084-06-10 20:39:58,NORMAL
0x8CCE69CF,2050-06-14 13:14:30,NORMAL
0x76C12885,2039-06-01 05:04:10,NORMAL
0x650743ED,2030-08-07 08:31:26,NORMAL
0x356D7045,2006-11-13 14:02:10,NORMAL
0x01A3F03F,Invalid,ERROR
0xBEFA6899,2075-07-26 13:04:50,NORMAL
0x8A333B01,2049-01-19 07:24:02,NORMAL
0x87066072,2047-08-06 12:03:36,NORMAL
0x4834B360,2016-01-20 22:27:00,NORMAL
0xB0713EB7,2068-03-17 07:53:46,NORMAL
0x8F496D52,2051-10-09 13:42:36,NORMAL
0xC0235ECC,2076-01-03 11:54:24,NORMAL
0x16E5869C,1991-07-05 16:52:56,NORMAL
0xE6CE8E67,2095-06-14 17:51:14,NORMAL
0x02646C9C,1981-03-04 13:36:56,NORMAL
0x01A3C79E,Invalid,ERROR
